Booking UUID,Booking ID,User ID,Check In,Check Out

User UUID,User ID
20b7f87c-026a-4ad6-b58b-d5ae3788f278,6
3bb7c545-497a-4462-9ceb-3d46549b194f,7
523bf603-300f-404b-b541-1cf18b06e168,8
3569aed4-b8b7-44e2-ad4c-ac7093c001aa,9
5ee23bf3-4f02-433a-ac69-5384106c2e82,10
5ad42edd-c17a-446f-ba57-51403f83d683,11
1e4370e3-3097-42eb-8e42-0c9499189fe5,12
438cf668-4b7f-4674-a729-f0a69c1f07b4,13
e21e034b-c40c-4b70-9dc9-f02502b078ad,1
c71e4e75-8575-4a7a-a959-c293146300dc,2
f834b3f4-8a68-4016-a3de-4ad4b97aeb80,3
